{
  "agent_config": {
    "energy_weight": 0.15
  },
  "agent_name": "tabular",
  "avg_reward": 0.39073384640294734,
  "cache_hit_rate": 0.9858571080224335,
  "config_usage": {
    "0": 268,
    "1": 259,
    "2": 245,
    "3": 7430
  },
  "final_policy": {
    "balanced": 2,
    "compute_bound": 0,
    "memory_bound": 3,
    "unknown": 2
  },
  "n_traces": 8202,
  "run_time_seconds": 0.21596527099609375,
  "suite_version": "0.1.0",
  "timestamp": "2026-07-03T21:11:55.830042Z",
  "total_energy_mj": 151.169397248,
  "total_reconfig_time_ms": 680.0,
  "total_time_ms": 709.727101376,
  "workload_name": "mixed_production",
  "workload_version": "1.0.0"
}