{
  "agent_config": {
    "energy_weight": 0.15
  },
  "agent_name": "ucb",
  "avg_reward": 0.36544350214604115,
  "cache_hit_rate": 0.9917093391855645,
  "config_usage": {
    "0": 244,
    "1": 7679,
    "2": 272,
    "3": 7
  },
  "final_policy": {
    "balanced": 2,
    "compute_bound": 0,
    "memory_bound": 1,
    "unknown": 2
  },
  "n_traces": 8202,
  "run_time_seconds": 0.5831811428070068,
  "suite_version": "0.1.0",
  "timestamp": "2026-07-06T14:41:05.696065Z",
  "total_energy_mj": 98.5877632,
  "total_reconfig_time_ms": 404.0,
  "total_time_ms": 415.2239108906667,
  "workload_name": "mixed_production",
  "workload_version": "1.0.0"
}