{
  "agent_config": {
    "energy_weight": 0.15
  },
  "agent_name": "ucb",
  "avg_reward": 0.3641384300804469,
  "cache_hit_rate": 0.9874420872957815,
  "config_usage": {
    "0": 269,
    "1": 7661,
    "2": 246,
    "3": 26
  },
  "final_policy": {
    "balanced": 2,
    "compute_bound": 0,
    "memory_bound": 1,
    "unknown": 2
  },
  "n_traces": 8202,
  "run_time_seconds": 0.27958083152770996,
  "suite_version": "0.1.0",
  "timestamp": "2026-07-06T14:43:18.075686Z",
  "total_energy_mj": 134.993535488,
  "total_reconfig_time_ms": 586.0,
  "total_time_ms": 597.3187353866666,
  "workload_name": "mixed_production",
  "workload_version": "1.0.0"
}