{
  "agent_config": {
    "energy_weight": 0.15
  },
  "agent_name": "ucb",
  "avg_reward": 0.38330211973540496,
  "cache_hit_rate": 0.9752499390392587,
  "config_usage": {
    "0": 266,
    "1": 1088,
    "2": 230,
    "3": 6618
  },
  "final_policy": {
    "balanced": 2,
    "compute_bound": 0,
    "memory_bound": 3,
    "unknown": 2
  },
  "n_traces": 8202,
  "run_time_seconds": 0.4839498996734619,
  "suite_version": "0.1.0",
  "timestamp": "2026-07-06T14:44:16.264053Z",
  "total_energy_mj": 236.057577984,
  "total_reconfig_time_ms": 1104.0,
  "total_time_ms": 1131.8298658453334,
  "workload_name": "mixed_production",
  "workload_version": "1.0.0"
}