{
  "agent_config": {
    "energy_weight": 0.15
  },
  "agent_name": "ucb",
  "avg_reward": 0.3574023763951594,
  "cache_hit_rate": 0.9948792977322605,
  "config_usage": {
    "0": 1873,
    "1": 1016,
    "2": 96,
    "3": 5217
  },
  "final_policy": {
    "balanced": 2,
    "compute_bound": 0,
    "memory_bound": 3,
    "unknown": 2
  },
  "n_traces": 8202,
  "run_time_seconds": 0.40230774879455566,
  "suite_version": "0.1.0",
  "timestamp": "2026-07-06T14:42:40.788457Z",
  "total_energy_mj": 64.295454208,
  "total_reconfig_time_ms": 236.0,
  "total_time_ms": 266.68164722666666,
  "workload_name": "mixed_production",
  "workload_version": "1.0.0"
}