{
  "agent_config": {
    "energy_weight": 0.15
  },
  "agent_name": "tabular",
  "avg_reward": 0.3897209794349562,
  "cache_hit_rate": 0.9851255791270422,
  "config_usage": {
    "0": 284,
    "1": 453,
    "2": 247,
    "3": 7218
  },
  "final_policy": {
    "balanced": 2,
    "compute_bound": 0,
    "memory_bound": 3,
    "unknown": 2
  },
  "n_traces": 8202,
  "run_time_seconds": 0.1924450397491455,
  "suite_version": "0.1.0",
  "timestamp": "2026-07-06T14:39:24.303959Z",
  "total_energy_mj": 158.429987328,
  "total_reconfig_time_ms": 716.0,
  "total_time_ms": 745.248880576,
  "workload_name": "mixed_production",
  "workload_version": "1.0.0"
}