{
  "agent_config": {
    "energy_weight": 0.15
  },
  "agent_name": "ucb",
  "avg_reward": 0.38202766932568294,
  "cache_hit_rate": 0.9729334308705194,
  "config_usage": {
    "0": 266,
    "1": 1210,
    "2": 234,
    "3": 6492
  },
  "final_policy": {
    "balanced": 2,
    "compute_bound": 0,
    "memory_bound": 3,
    "unknown": 2
  },
  "n_traces": 8202,
  "run_time_seconds": 0.2975959777832031,
  "suite_version": "0.1.0",
  "timestamp": "2026-07-06T14:39:24.894680Z",
  "total_energy_mj": 256.782665728,
  "total_reconfig_time_ms": 1207.0,
  "total_time_ms": 1234.4531480800001,
  "workload_name": "mixed_production",
  "workload_version": "1.0.0"
}