{
  "agent_config": {
    "energy_weight": 0.15
  },
  "agent_name": "ucb",
  "avg_reward": 0.376276664665234,
  "cache_hit_rate": 0.9678127286027798,
  "config_usage": {
    "0": 277,
    "1": 1967,
    "2": 194,
    "3": 5764
  },
  "final_policy": {
    "balanced": 2,
    "compute_bound": 0,
    "memory_bound": 3,
    "unknown": 2
  },
  "n_traces": 8202,
  "run_time_seconds": 0.3638157844543457,
  "suite_version": "0.1.0",
  "timestamp": "2026-07-06T14:44:30.161041Z",
  "total_energy_mj": 292.993345024,
  "total_reconfig_time_ms": 1388.0,
  "total_time_ms": 1413.8882023733333,
  "workload_name": "mixed_production",
  "workload_version": "1.0.0"
}