{
  "agent_config": {
    "energy_weight": 0.15
  },
  "agent_name": "ucb_cache",
  "avg_reward": 0.3820234136870071,
  "cache_hit_rate": 0.9906120458424774,
  "config_usage": {
    "0": 314,
    "1": 1947,
    "2": 289,
    "3": 5652
  },
  "final_policy": {
    "balanced": 2,
    "compute_bound": 0,
    "memory_bound": 3,
    "unknown": 2
  },
  "n_traces": 8202,
  "run_time_seconds": 0.4667327404022217,
  "suite_version": "0.1.0",
  "timestamp": "2026-07-06T15:15:09.305875Z",
  "total_energy_mj": 100.273636352,
  "total_reconfig_time_ms": 425.0,
  "total_time_ms": 450.959439664,
  "workload_name": "mixed_production",
  "workload_version": "1.0.0"
}