{
  "agent_config": {
    "energy_weight": 0.15
  },
  "agent_name": "tabular",
  "avg_reward": 0.39219597927624034,
  "cache_hit_rate": 0.9868324798829554,
  "config_usage": {
    "0": 263,
    "1": 41,
    "2": 263,
    "3": 7635
  },
  "final_policy": {
    "balanced": 2,
    "compute_bound": 0,
    "memory_bound": 3,
    "unknown": 2
  },
  "n_traces": 8202,
  "run_time_seconds": 0.29976797103881836,
  "suite_version": "0.1.0",
  "timestamp": "2026-07-06T15:15:07.897980Z",
  "total_energy_mj": 140.670764544,
  "total_reconfig_time_ms": 628.0,
  "total_time_ms": 658.2311300106667,
  "workload_name": "mixed_production",
  "workload_version": "1.0.0"
}