{
  "agent_config": {
    "energy_weight": 0.15
  },
  "agent_name": "ucb",
  "avg_reward": 0.3840716688074106,
  "cache_hit_rate": 0.9720799804925628,
  "config_usage": {
    "0": 261,
    "1": 573,
    "2": 234,
    "3": 7134
  },
  "final_policy": {
    "balanced": 2,
    "compute_bound": 0,
    "memory_bound": 3,
    "unknown": 2
  },
  "n_traces": 8202,
  "run_time_seconds": 0.4647090435028076,
  "suite_version": "0.1.0",
  "timestamp": "2026-07-06T15:15:08.835087Z",
  "total_energy_mj": 265.181244416,
  "total_reconfig_time_ms": 1251.0,
  "total_time_ms": 1280.2038519466666,
  "workload_name": "mixed_production",
  "workload_version": "1.0.0"
}